{
  "round": 11,
  "config": "Agri_F_8d_a1",
  "params": {
    "name": "Agri_F_8d_a1",
    "syms": [
      "ZC=F",
      "ZW=F",
      "ZS=F",
      "ZL=F",
      "ZM=F",
      "KC=F",
      "SB=F",
      "CT=F",
      "CC=F",
      "OJ=F"
    ],
    "top_k": 2,
    "alpha": 1.0,
    "mom": [
      [
        8,
        1.0
      ]
    ]
  },
  "wf_sharpe": -0.292870601084897,
  "median_sharpe": -0.3271186403130941,
  "full_cagr_pct": -4.8577539303696575,
  "full_mdd_pct": -25.5782873737174,
  "n_windows": 27,
  "neg_windows": 19,
  "win_rate": 29.629629629629626,
  "elapsed_sec": 2.93791127204895
}