{
  "round": 15,
  "config": "Agri_ETF_21d_a2",
  "params": {
    "name": "Agri_ETF_21d_a2",
    "top_k": 2,
    "alpha": 2.0,
    "mom": [
      [
        21,
        1.0
      ]
    ]
  },
  "wf_sharpe": -0.16556368623880702,
  "median_sharpe": -0.3706124849525354,
  "full_cagr_pct": -2.4291625952275964,
  "full_mdd_pct": -21.017130774250468,
  "n_windows": 27,
  "neg_windows": 15,
  "win_rate": 44.44444444444444,
  "elapsed_sec": 3.352247714996338
}