{
  "round": 8,
  "config": "Agri_F_63d_a1",
  "params": {
    "name": "Agri_F_63d_a1",
    "top_k": 3,
    "alpha": 1.0,
    "mom": [
      [
        63,
        1.0
      ]
    ]
  },
  "wf_sharpe": -0.12704049972627302,
  "median_sharpe": -0.22636177829325044,
  "full_cagr_pct": -0.25456221674649004,
  "full_mdd_pct": -24.81602436115815,
  "n_windows": 27,
  "neg_windows": 16,
  "win_rate": 40.74074074074074,
  "elapsed_sec": 3.2993392944335938
}