{
  "round": 10,
  "config": "Agri_F_21+5_a1",
  "params": {
    "name": "Agri_F_21+5_a1",
    "top_k": 3,
    "alpha": 1.0,
    "mom": [
      [
        21,
        0.5
      ],
      [
        5,
        0.5
      ]
    ]
  },
  "wf_sharpe": 0.061484601394473044,
  "median_sharpe": -0.022421632300056293,
  "full_cagr_pct": -0.550348235795517,
  "full_mdd_pct": -24.81602436115815,
  "n_windows": 27,
  "neg_windows": 14,
  "win_rate": 48.148148148148145,
  "elapsed_sec": 2.9914865493774414
}