{
  "categories": {
    "Agri": {
      "CAGR": 1.1605191140967426,
      "Sharpe": 3.9402922407797707,
      "MDD": -0.14303127623237621
    },
    "Energy": {
      "CAGR": 0.19134198809251624,
      "Sharpe": 0.9592513742056761,
      "MDD": -0.36271641561588097
    },
    "Metal": {
      "CAGR": 0.2832730247143824,
      "Sharpe": 1.4490231551008028,
      "MDD": -0.25916629567216687
    }
  },
  "ensemble_3way": {
    "CAGR": 0.5044640660258257,
    "Sharpe": 3.116058018483515,
    "MDD": -0.1447762426942546
  },
  "ensemble_agri_energy": {
    "CAGR": 0.6185790627635124,
    "Sharpe": 3.2507186213564148,
    "MDD": -0.13963974075551
  }
}