{
  "monthly_summary": {
    "1": {
      "avg_ret_pct": 0.028904647702502992,
      "win_rate_pct": 49.7093023255814
    },
    "2": {
      "avg_ret_pct": 0.04797284746525851,
      "win_rate_pct": 52.760736196319016
    },
    "3": {
      "avg_ret_pct": -0.007911688300242994,
      "win_rate_pct": 49.193548387096776
    },
    "4": {
      "avg_ret_pct": 0.08564890979400204,
      "win_rate_pct": 53.42857142857142
    },
    "5": {
      "avg_ret_pct": -0.053120294883643275,
      "win_rate_pct": 46.902654867256636
    },
    "6": {
      "avg_ret_pct": 0.012259193870025253,
      "win_rate_pct": 48.22485207100592
    },
    "7": {
      "avg_ret_pct": 0.0005462307877614768,
      "win_rate_pct": 51.03244837758112
    },
    "8": {
      "avg_ret_pct": 0.0033797789213194955,
      "win_rate_pct": 50.70422535211267
    },
    "9": {
      "avg_ret_pct": -0.04626041264415948,
      "win_rate_pct": 51.37614678899083
    },
    "10": {
      "avg_ret_pct": 0.10267347384172226,
      "win_rate_pct": 50.142450142450144
    },
    "11": {
      "avg_ret_pct": 0.024444531246444117,
      "win_rate_pct": 50.45871559633027
    },
    "12": {
      "avg_ret_pct": 0.05775865326487856,
      "win_rate_pct": 52.22551928783383
    }
  },
  "pos_only": {
    "CAGR": 0.14628176059684184,
    "Sharpe": 1.4300597153597483,
    "MDD": -0.11314792709954669
  },
  "strong_pos": {
    "CAGR": 0.09636376505432387,
    "Sharpe": 1.7218552035677523,
    "MDD": -0.07272022511520304
  }
}