{
  "currency": {
    "lb21_z1.0": {
      "CAGR": 0.020987306092936198,
      "Sharpe": 0.23672331159258303,
      "MDD": -0.32687021817724293
    },
    "lb21_z1.5": {
      "CAGR": 0.0008754619395039409,
      "Sharpe": 0.06475774231512604,
      "MDD": -0.31361985163275696
    },
    "lb21_z2.0": {
      "CAGR": 0.051962276436808175,
      "Sharpe": 0.49414596025683183,
      "MDD": -0.3268702181772447
    },
    "lb42_z1.5": {
      "CAGR": 0.009481044601217237,
      "Sharpe": 0.13981697742616167,
      "MDD": -0.2879307532863342
    },
    "lb63_z2.0": {
      "CAGR": 0.06265635251300905,
      "Sharpe": 0.5764639711535713,
      "MDD": -0.32687021817724404
    }
  },
  "rate": {
    "lb21_z1.0": {
      "CAGR": 0.010689324357809227,
      "Sharpe": 0.15077906961101312,
      "MDD": -0.349871203464151
    },
    "lb21_z1.5": {
      "CAGR": 0.064498580454587,
      "Sharpe": 0.5902274354647583,
      "MDD": -0.3268702181772447
    },
    "lb21_z2.0": {
      "CAGR": 0.064498580454587,
      "Sharpe": 0.5902274354647583,
      "MDD": -0.3268702181772447
    },
    "lb42_z1.5": {
      "CAGR": 0.064498580454587,
      "Sharpe": 0.5902274354647583,
      "MDD": -0.3268702181772447
    },
    "lb63_z2.0": {
      "CAGR": 0.064498580454587,
      "Sharpe": 0.5902274354647583,
      "MDD": -0.3268702181772447
    }
  }
}