{
  "round": 41,
  "config": "All_F_8d_a1",
  "params": {
    "name": "All_F_8d_a1",
    "top_k": 3,
    "alpha": 1.0,
    "mom": [
      [
        8,
        1.0
      ]
    ]
  },
  "wf_sharpe": -0.49374776176816076,
  "median_sharpe": -0.35526829707225366,
  "full_cagr_pct": -9.735257167712552,
  "full_mdd_pct": -24.31698625783968,
  "n_windows": 27,
  "neg_windows": 19,
  "win_rate": 29.629629629629626,
  "elapsed_sec": 2.8709235191345215
}