{
  "round": 23,
  "config": "Agri_F_21d_a1",
  "params": {
    "name": "Agri_F_21d_a1",
    "syms": [
      "ZC=F",
      "ZW=F",
      "ZS=F",
      "ZL=F",
      "ZM=F",
      "KC=F",
      "SB=F",
      "CT=F",
      "CC=F",
      "OJ=F"
    ],
    "top_k": 2,
    "alpha": 1.0,
    "mom": [
      [
        21,
        1.0
      ]
    ]
  },
  "wf_sharpe": 0.08264335296455112,
  "median_sharpe": 0.11135513253963258,
  "full_cagr_pct": 0.33563900822199955,
  "full_mdd_pct": -20.92192100484127,
  "n_windows": 27,
  "neg_windows": 13,
  "win_rate": 51.85185185185185,
  "elapsed_sec": 2.8969500064849854
}