{
  "agri": {
    "vol8% cf50% trend60d 5% 55% +MA": {
      "CAGR": 0.05849021861208703,
      "Sharpe": 0.5380199249792356,
      "MDD": -0.31270504624496587
    },
    "vol8% cf50% trend60d 10% 60% +MA": {
      "CAGR": 0.06603405094562054,
      "Sharpe": 0.6018310237708491,
      "MDD": -0.31512057686285544
    },
    "vol8% cf50% trend60d 5% 50% noMA": {
      "CAGR": 0.14146163467734874,
      "Sharpe": 1.1611662384894557,
      "MDD": -0.46491956379775756
    },
    "vol5% cf50% trend60d 5% 55% +MA": {
      "CAGR": 0.05617557540057394,
      "Sharpe": 0.5249717669319462,
      "MDD": -0.3389980731584076
    },
    "vol10% cf30% trend60d 5% 55% +MA": {
      "CAGR": 0.062266743107133316,
      "Sharpe": 0.5655817800976863,
      "MDD": -0.30990710476961314
    },
    "vol8% cf50% trend90d 8% 55% +MA": {
      "CAGR": 0.07748163244696205,
      "Sharpe": 0.6874065113767015,
      "MDD": -0.30615596128297085
    },
    "vol8% cf50% trend30d 3% 55% +MA": {
      "CAGR": 0.04296067283843219,
      "Sharpe": 0.4119540816690407,
      "MDD": -0.3319352206919748
    },
    "vol8% cf70% trend60d 5% 60% +MA (║©╝÷)": {
      "CAGR": 0.06624792221544773,
      "Sharpe": 0.6037697927230025,
      "MDD": -0.3134691689175284
    }
  },
  "energy": {
    "vol8% cf50% trend60d 5% 55% +MA": {
      "CAGR": 0.06618187748982662,
      "Sharpe": 0.6033345717805269,
      "MDD": -0.30666779630285357
    },
    "vol8% cf50% trend60d 10% 60% +MA": {
      "CAGR": 0.06348635690607307,
      "Sharpe": 0.5819489305958764,
      "MDD": -0.33184469920804094
    },
    "vol8% cf50% trend60d 5% 50% noMA": {
      "CAGR": 0.09597784681100485,
      "Sharpe": 0.7812574471663088,
      "MDD": -0.24546070152419497
    },
    "vol5% cf50% trend60d 5% 55% +MA": {
      "CAGR": 0.0681598358014206,
      "Sharpe": 0.6188979108966579,
      "MDD": -0.32707169784023604
    },
    "vol10% cf30% trend60d 5% 55% +MA": {
      "CAGR": 0.06585244682057434,
      "Sharpe": 0.5996419122872775,
      "MDD": -0.3054051707248976
    },
    "vol8% cf50% trend90d 8% 55% +MA": {
      "CAGR": 0.05943948672966881,
      "Sharpe": 0.5505898833000754,
      "MDD": -0.32871630876998637
    },
    "vol8% cf50% trend30d 3% 55% +MA": {
      "CAGR": 0.054894654061411696,
      "Sharpe": 0.502721417972373,
      "MDD": -0.3284686198174128
    },
    "vol8% cf70% trend60d 5% 60% +MA (║©╝÷)": {
      "CAGR": 0.06554326477506578,
      "Sharpe": 0.5987814369103663,
      "MDD": -0.3244054618897947
    }
  },
  "metal": {
    "vol8% cf50% trend60d 5% 55% +MA": {
      "CAGR": 0.06302811471076053,
      "Sharpe": 0.57778915837204,
      "MDD": -0.32697537642543717
    },
    "vol8% cf50% trend60d 10% 60% +MA": {
      "CAGR": 0.06354967040091508,
      "Sharpe": 0.5828584261399385,
      "MDD": -0.32687021817724415
    },
    "vol8% cf50% trend60d 5% 50% noMA": {
      "CAGR": 0.082819717816907,
      "Sharpe": 0.6837096074550877,
      "MDD": -0.29869315304658195
    },
    "vol5% cf50% trend60d 5% 55% +MA": {
      "CAGR": 0.06321478614661458,
      "Sharpe": 0.5800658106466509,
      "MDD": -0.3268702181772436
    },
    "vol10% cf30% trend60d 5% 55% +MA": {
      "CAGR": 0.06513465507908389,
      "Sharpe": 0.5904599847359704,
      "MDD": -0.32700179333133483
    },
    "vol8% cf50% trend90d 8% 55% +MA": {
      "CAGR": 0.06006607332072078,
      "Sharpe": 0.5533759455776572,
      "MDD": -0.3413278620069762
    },
    "vol8% cf50% trend30d 3% 55% +MA": {
      "CAGR": 0.0526760905369017,
      "Sharpe": 0.48532576394618393,
      "MDD": -0.34952662274442803
    },
    "vol8% cf70% trend60d 5% 60% +MA (║©╝÷)": {
      "CAGR": 0.062293110831757925,
      "Sharpe": 0.572537240945599,
      "MDD": -0.3268702181772448
    }
  },
  "combined": {
    "vol8% cf50% trend60d 5% 55% +MA": {
      "CAGR": 0.07056157625983794,
      "Sharpe": 0.6320249657618889,
      "MDD": -0.23254737203194564
    },
    "vol8% cf50% trend60d 10% 60% +MA": {
      "CAGR": 0.06559531887758285,
      "Sharpe": 0.5985619633592602,
      "MDD": -0.31165871733121897
    },
    "vol8% cf50% trend60d 5% 50% noMA": {
      "CAGR": 0.2403847377557724,
      "Sharpe": 1.7437314267188526,
      "MDD": -0.5090282388438114
    },
    "vol5% cf50% trend60d 5% 55% +MA": {
      "CAGR": 0.06567347622368858,
      "Sharpe": 0.5997284914730607,
      "MDD": -0.2819314324347274
    },
    "vol10% cf30% trend60d 5% 55% +MA": {
      "CAGR": 0.06572743230739775,
      "Sharpe": 0.5873321435609319,
      "MDD": -0.2251373813689891
    },
    "vol8% cf50% trend90d 8% 55% +MA": {
      "CAGR": 0.08614185987409506,
      "Sharpe": 0.7438443517590295,
      "MDD": -0.24108946365746586
    },
    "vol8% cf50% trend30d 3% 55% +MA": {
      "CAGR": 0.04999544029175507,
      "Sharpe": 0.46320332186759394,
      "MDD": -0.41391375161566246
    },
    "vol8% cf70% trend60d 5% 60% +MA (║©╝÷)": {
      "CAGR": 0.06590778978600587,
      "Sharpe": 0.6019424656680614,
      "MDD": -0.3028405524201129
    }
  }
}