{
  "α=2.0 lb=63 5% [iter16]": {
    "CAGR": 1.5180224616221119,
    "Sharpe": 4.458532407169851,
    "MDD": -0.19161132641363832
  },
  "α=1.0 lb=63 5%": {
    "CAGR": 1.749537693278982,
    "Sharpe": 4.686451020095366,
    "MDD": -0.15245693144103634
  },
  "α=1.5 lb=63 5%": {
    "CAGR": 1.5308588215635153,
    "Sharpe": 4.504900775000904,
    "MDD": -0.19161132641363865
  },
  "α=2.5 lb=63 5%": {
    "CAGR": 1.7531142506202189,
    "Sharpe": 4.678830588442061,
    "MDD": -0.1834090757660134
  },
  "α=3.0 lb=63 5%": {
    "CAGR": 1.302086485476123,
    "Sharpe": 4.077130310083221,
    "MDD": -0.25916629567216676
  },
  "α=2.0 lb=42 5%": {
    "CAGR": 1.5375034014264957,
    "Sharpe": 4.445715560938371,
    "MDD": -0.18340907576601317
  },
  "α=2.0 lb=84 5%": {
    "CAGR": 1.5727161465054542,
    "Sharpe": 4.589386763732292,
    "MDD": -0.17531916658643698
  },
  "α=2.0 lb=126 5%": {
    "CAGR": 1.7265328084785083,
    "Sharpe": 4.747781340769599,
    "MDD": -0.1753191665864381
  },
  "α=2.0 lb=63 1%": {
    "CAGR": 1.458402546988958,
    "Sharpe": 4.355516412951975,
    "MDD": -0.17531916658643754
  },
  "α=2.0 lb=63 10%": {
    "CAGR": 1.605968630309543,
    "Sharpe": 4.586912709466443,
    "MDD": -0.17531916658643776
  },
  "α=2.0 lb=63 20%": {
    "CAGR": 1.229008170399454,
    "Sharpe": 4.04789751497502,
    "MDD": -0.2591662956721663
  },
  "α=0.0 (CVaR off)": {
    "CAGR": 1.828555210358454,
    "Sharpe": 4.701084615180617,
    "MDD": -0.18340907576601262
  }
}