{
  "round": 43,
  "config": "All_F_8d_a0",
  "params": {
    "name": "All_F_8d_a0",
    "top_k": 3,
    "alpha": 0.0,
    "mom": [
      [
        8,
        1.0
      ]
    ]
  },
  "wf_sharpe": -0.45104910419363076,
  "median_sharpe": -0.3100370702415458,
  "full_cagr_pct": -6.785044090213821,
  "full_mdd_pct": -23.415626309156078,
  "n_windows": 27,
  "neg_windows": 18,
  "win_rate": 33.33333333333333,
  "elapsed_sec": 3.171910285949707
}