{
  "agri": {
    "lb20_z2.0": {
      "CAGR": 0.5105618011116142,
      "Sharpe": 2.2125643529683936,
      "MDD": -0.2591662956721662
    },
    "lb20_z1.5": {
      "CAGR": 0.7085884500902044,
      "Sharpe": 2.858106536005031,
      "MDD": -0.25916629567216753
    },
    "lb10_z2.0": {
      "CAGR": 0.32986269184838535,
      "Sharpe": 1.508974274990771,
      "MDD": -0.26517599650667667
    },
    "lb50_z2.0": {
      "CAGR": 0.2567143291882663,
      "Sharpe": 1.375189362589438,
      "MDD": -0.30877490951842956
    },
    "lb50_z1.5": {
      "CAGR": 0.4918706250850098,
      "Sharpe": 2.348441046618477,
      "MDD": -0.2591662956721671
    }
  },
  "energy": {
    "lb20_z2.0": {
      "CAGR": 0.09022796878361672,
      "Sharpe": 0.6070396765240745,
      "MDD": -0.3268702181772444
    },
    "lb20_z1.5": {
      "CAGR": 0.1039493705046004,
      "Sharpe": 0.7447744861901875,
      "MDD": -0.2698667221904113
    },
    "lb10_z2.0": {
      "CAGR": 0.06511153494145883,
      "Sharpe": 0.5025926640784604,
      "MDD": -0.3268702181772446
    },
    "lb50_z2.0": {
      "CAGR": 0.06492282036659458,
      "Sharpe": 0.5085632949013109,
      "MDD": -0.32687021817724426
    },
    "lb50_z1.5": {
      "CAGR": 0.1204189037541854,
      "Sharpe": 0.8135717072357113,
      "MDD": -0.32687021817724504
    }
  },
  "metal": {
    "lb20_z2.0": {
      "CAGR": 0.11114696322542272,
      "Sharpe": 0.7710597190497801,
      "MDD": -0.3268702181772444
    },
    "lb20_z1.5": {
      "CAGR": 0.13664457386236073,
      "Sharpe": 0.8815369049665559,
      "MDD": -0.3268702181772438
    },
    "lb10_z2.0": {
      "CAGR": 0.13900973486190438,
      "Sharpe": 0.8566312922143599,
      "MDD": -0.2684166977783695
    },
    "lb50_z2.0": {
      "CAGR": 0.13154503076955537,
      "Sharpe": 0.8539226368920264,
      "MDD": -0.32687021817724493
    },
    "lb50_z1.5": {
      "CAGR": 0.10892643655862244,
      "Sharpe": 0.754007340560622,
      "MDD": -0.3188926216452659
    }
  },
  "index": {
    "lb20_z2.0": {
      "CAGR": 0.13965766597323048,
      "Sharpe": 0.9955639196270739,
      "MDD": -0.25916629567216687
    },
    "lb20_z1.5": {
      "CAGR": 0.14831743967170996,
      "Sharpe": 1.0418599445497496,
      "MDD": -0.259166295672167
    },
    "lb10_z2.0": {
      "CAGR": 0.1269274245015397,
      "Sharpe": 0.9311457575381745,
      "MDD": -0.26771637511768653
    },
    "lb50_z2.0": {
      "CAGR": 0.1496962475559973,
      "Sharpe": 1.0949177991488444,
      "MDD": -0.25916629567216687
    },
    "lb50_z1.5": {
      "CAGR": 0.14815792498321567,
      "Sharpe": 1.096131660670243,
      "MDD": -0.259166295672167
    }
  }
}