{
  "agri": {
    "vol 5%": {
      "CAGR": 0.09302340083553884,
      "Sharpe": 0.8930858775500522,
      "MDD": -0.3592813069965549
    },
    "vol 8%": {
      "CAGR": 0.20296540802661256,
      "Sharpe": 1.5758538634809065,
      "MDD": -0.6116701450777102
    },
    "vol 10%": {
      "CAGR": 0.30137274723187146,
      "Sharpe": 1.9691173498706247,
      "MDD": -0.6921576832353427
    },
    "vol 15%": {
      "CAGR": 0.5517781835333073,
      "Sharpe": 2.5578152897411868,
      "MDD": -0.8237143727893331
    },
    "vol 20%": {
      "CAGR": 0.6712492697115027,
      "Sharpe": 2.722422680381223,
      "MDD": -0.8427324057536268
    }
  },
  "energy": {
    "vol 5%": {
      "CAGR": 0.0693764423857679,
      "Sharpe": 0.629271398468349,
      "MDD": -0.2619768740277567
    },
    "vol 8%": {
      "CAGR": 0.06616313481878588,
      "Sharpe": 0.5506603957403857,
      "MDD": -0.4838291800119313
    },
    "vol 10%": {
      "CAGR": 0.07381485164740997,
      "Sharpe": 0.5613834165354281,
      "MDD": -0.5418779791617162
    },
    "vol 15%": {
      "CAGR": 0.1306299520771308,
      "Sharpe": 0.7663890415794197,
      "MDD": -0.6561284877611632
    },
    "vol 20%": {
      "CAGR": 0.1953692214924294,
      "Sharpe": 0.933330646574592,
      "MDD": -0.7231702904214051
    }
  },
  "metal": {
    "vol 5%": {
      "CAGR": 0.01758507751566052,
      "Sharpe": 0.2042172155716526,
      "MDD": -0.4447442647702965
    },
    "vol 8%": {
      "CAGR": -0.014389743261060461,
      "Sharpe": -0.0371027065355072,
      "MDD": -0.6640555646208519
    },
    "vol 10%": {
      "CAGR": -0.008180810143637252,
      "Sharpe": 0.02023714123488557,
      "MDD": -0.7272792415891967
    },
    "vol 15%": {
      "CAGR": 0.04868845266548516,
      "Sharpe": 0.35609252716924855,
      "MDD": -0.7759703664655764
    },
    "vol 20%": {
      "CAGR": 0.11468366160687027,
      "Sharpe": 0.6460975753636545,
      "MDD": -0.7948653205825679
    }
  }
}