{
  "round": 22,
  "config": "Energy_F_8d_a2",
  "params": {
    "name": "Energy_F_8d_a2",
    "top_k": 2,
    "alpha": 2.0,
    "mom": [
      [
        8,
        1.0
      ]
    ]
  },
  "wf_sharpe": 0.016370796354207944,
  "median_sharpe": -0.09755480538179168,
  "full_cagr_pct": -1.4472831213593884,
  "full_mdd_pct": -52.42982214175307,
  "n_windows": 27,
  "neg_windows": 14,
  "win_rate": 48.148148148148145,
  "elapsed_sec": 3.0200328826904297
}