{
  "round": 49,
  "config": "All_F_5d_a1",
  "params": {
    "name": "All_F_5d_a1",
    "top_k": 3,
    "alpha": 1.0,
    "mom": [
      [
        5,
        1.0
      ]
    ]
  },
  "wf_sharpe": -0.3281162754179668,
  "median_sharpe": -0.0737425961418638,
  "full_cagr_pct": -4.810366395024557,
  "full_mdd_pct": -23.176699860128014,
  "n_windows": 27,
  "neg_windows": 16,
  "win_rate": 40.74074074074074,
  "elapsed_sec": 3.0049610137939453
}