{
  "agri": {
    "vol5% cash50% no-stop": {
      "CAGR": 0.0969140860922153,
      "Sharpe": 0.9239785895420002,
      "MDD": -0.3310691755404761
    },
    "vol5% cash50% DD-15% lock90": {
      "CAGR": 0.12758259623990154,
      "Sharpe": 1.1507665021506734,
      "MDD": -0.23224111859946006
    },
    "vol5% cash70% DD-15% lock90": {
      "CAGR": 0.12989237489311978,
      "Sharpe": 1.182403414814761,
      "MDD": -0.23224111859946128
    },
    "vol5% cash50% DD-10% lock90": {
      "CAGR": 0.10660339180350875,
      "Sharpe": 0.9631080391089242,
      "MDD": -0.2591662956721664
    },
    "vol8% cash50% DD-15% lock90": {
      "CAGR": 0.2688645762803272,
      "Sharpe": 2.0893322132737837,
      "MDD": -0.1703988837042809
    },
    "vol8% cash70% DD-15% lock90": {
      "CAGR": 0.18780320166768338,
      "Sharpe": 1.5893081673558813,
      "MDD": -0.20697481661261008
    },
    "vol10% cash50% DD-15% lock63": {
      "CAGR": 0.38865638368394917,
      "Sharpe": 2.7461351059728485,
      "MDD": -0.16280537000278972
    },
    "vol10% cash70% DD-15% lock63": {
      "CAGR": 0.19223674384594447,
      "Sharpe": 1.618092785055137,
      "MDD": -0.2127740764514373
    },
    "vol3% cash50% DD-10% lock63 (extreme safe)": {
      "CAGR": 0.07867458411623018,
      "Sharpe": 0.729498154869977,
      "MDD": -0.25916629567216687
    }
  },
  "energy": {
    "vol5% cash50% no-stop": {
      "CAGR": 0.05129469224954164,
      "Sharpe": 0.48862456638486296,
      "MDD": -0.26439732454076537
    },
    "vol5% cash50% DD-15% lock90": {
      "CAGR": 0.06335115610868147,
      "Sharpe": 0.5865661247693816,
      "MDD": -0.24896006654985092
    },
    "vol5% cash70% DD-15% lock90": {
      "CAGR": 0.05870094848643359,
      "Sharpe": 0.5442368354147206,
      "MDD": -0.2489600665498497
    },
    "vol5% cash50% DD-10% lock90": {
      "CAGR": 0.07194201286122293,
      "Sharpe": 0.648946200672983,
      "MDD": -0.25916629567216676
    },
    "vol8% cash50% DD-15% lock90": {
      "CAGR": 0.10175259294962657,
      "Sharpe": 0.8355103258326496,
      "MDD": -0.28319373183520646
    },
    "vol8% cash70% DD-15% lock90": {
      "CAGR": 0.10258770891570701,
      "Sharpe": 0.866124829184772,
      "MDD": -0.2731597915593861
    },
    "vol10% cash50% DD-15% lock63": {
      "CAGR": 0.13733197235126915,
      "Sharpe": 1.0408067521889517,
      "MDD": -0.29296028654191875
    },
    "vol10% cash70% DD-15% lock63": {
      "CAGR": 0.1293608623256175,
      "Sharpe": 1.037193002449829,
      "MDD": -0.27218220003944416
    },
    "vol3% cash50% DD-10% lock63 (extreme safe)": {
      "CAGR": 0.05447057213060158,
      "Sharpe": 0.5154264862274992,
      "MDD": -0.2928860539328628
    }
  },
  "metal": {
    "vol5% cash50% no-stop": {
      "CAGR": 0.033081599572593934,
      "Sharpe": 0.3289413216912957,
      "MDD": -0.4147298618149484
    },
    "vol5% cash50% DD-15% lock90": {
      "CAGR": 0.05662529150892581,
      "Sharpe": 0.5167265650198496,
      "MDD": -0.29135849086884025
    },
    "vol5% cash70% DD-15% lock90": {
      "CAGR": 0.07236546709591685,
      "Sharpe": 0.6421816332146661,
      "MDD": -0.31876887986995206
    },
    "vol5% cash50% DD-10% lock90": {
      "CAGR": 0.06768758686519538,
      "Sharpe": 0.6031959941347147,
      "MDD": -0.27526742904570534
    },
    "vol8% cash50% DD-15% lock90": {
      "CAGR": 0.10405863631368595,
      "Sharpe": 0.8440167243731671,
      "MDD": -0.28056652602206533
    },
    "vol8% cash70% DD-15% lock90": {
      "CAGR": 0.09896945377766975,
      "Sharpe": 0.8334575205754237,
      "MDD": -0.25916629567216687
    },
    "vol10% cash50% DD-15% lock63": {
      "CAGR": 0.12524451121860358,
      "Sharpe": 0.963443230748083,
      "MDD": -0.2703288040835987
    },
    "vol10% cash70% DD-15% lock63": {
      "CAGR": 0.11335541643750502,
      "Sharpe": 0.9278114380091731,
      "MDD": -0.25916629567216687
    },
    "vol3% cash50% DD-10% lock63 (extreme safe)": {
      "CAGR": 0.07287385905609867,
      "Sharpe": 0.6510591824586782,
      "MDD": -0.30262381109884573
    }
  },
  "combined": {
    "vol5% cash50% no-stop": {
      "CAGR": 0.1637893140142963,
      "Sharpe": 1.4527296723792655,
      "MDD": -0.32282781428985974
    },
    "vol5% cash50% DD-15% lock90": {
      "CAGR": 0.18309315314806085,
      "Sharpe": 1.566809402596754,
      "MDD": -0.23367988158535802
    },
    "vol5% cash70% DD-15% lock90": {
      "CAGR": 0.1711465141456623,
      "Sharpe": 1.4732361459737817,
      "MDD": -0.23644404732972057
    },
    "vol5% cash50% DD-10% lock90": {
      "CAGR": 0.16457321509367628,
      "Sharpe": 1.414803293677705,
      "MDD": -0.259166295672167
    },
    "vol8% cash50% DD-15% lock90": {
      "CAGR": 0.34930408087117515,
      "Sharpe": 2.611435212789507,
      "MDD": -0.19347704057824888
    },
    "vol8% cash70% DD-15% lock90": {
      "CAGR": 0.23519863088442272,
      "Sharpe": 1.9530997463335753,
      "MDD": -0.17531916658643854
    },
    "vol10% cash50% DD-15% lock63": {
      "CAGR": 0.4582867287706325,
      "Sharpe": 3.0773773896797496,
      "MDD": -0.20228999628343525
    },
    "vol10% cash70% DD-15% lock63": {
      "CAGR": 0.24731296588637264,
      "Sharpe": 2.035020240069876,
      "MDD": -0.17531916658643776
    },
    "vol3% cash50% DD-10% lock63 (extreme safe)": {
      "CAGR": 0.07978731803188333,
      "Sharpe": 0.7385612123185015,
      "MDD": -0.26020024857088686
    }
  }
}