{
  "round": 6,
  "config": "Agri_F_comp_a1",
  "params": {
    "name": "Agri_F_comp_a1",
    "top_k": 3,
    "alpha": 1.0,
    "mom": [
      [
        21,
        0.3
      ],
      [
        8,
        0.7
      ]
    ]
  },
  "wf_sharpe": 0.03538163849564865,
  "median_sharpe": 0.042755458273033446,
  "full_cagr_pct": -1.835761261438107,
  "full_mdd_pct": -24.81602436115815,
  "n_windows": 27,
  "neg_windows": 13,
  "win_rate": 51.85185185185185,
  "elapsed_sec": 3.5450611114501953
}