{
  "round": 18,
  "config": "Agri_ETF_63d_a1",
  "params": {
    "name": "Agri_ETF_63d_a1",
    "top_k": 2,
    "alpha": 1.0,
    "mom": [
      [
        63,
        1.0
      ]
    ]
  },
  "wf_sharpe": -0.1706611226038435,
  "median_sharpe": 0.015731622173852544,
  "full_cagr_pct": -2.160682467745201,
  "full_mdd_pct": -23.572424501913137,
  "n_windows": 27,
  "neg_windows": 12,
  "win_rate": 55.55555555555556,
  "elapsed_sec": 3.6787447929382324
}