{
  "k1": {
    "CAGR": 0.8331940706177094,
    "Sharpe": 2.862869095897381,
    "MDD": -0.259166295672167
  },
  "k2": {
    "CAGR": 1.424028699940295,
    "Sharpe": 4.1571960249036035,
    "MDD": -0.1640856075871736
  },
  "k3": {
    "CAGR": 1.1605191140967426,
    "Sharpe": 3.9402922407797707,
    "MDD": -0.14303127623237621
  },
  "k4": {
    "CAGR": 0.8576766099449413,
    "Sharpe": 3.3213351256011028,
    "MDD": -0.1479500450361514
  },
  "k5": {
    "CAGR": 0.8057654652967345,
    "Sharpe": 3.190491011770635,
    "MDD": -0.14795004503615328
  },
  "k6": {
    "CAGR": 0.8078244711846072,
    "Sharpe": 3.199241962473577,
    "MDD": -0.14795004503615028
  },
  "k8": {
    "CAGR": 0.8074077828576323,
    "Sharpe": 3.1971500387467064,
    "MDD": -0.14795004503615028
  },
  "k10": {
    "CAGR": 0.8074077828576323,
    "Sharpe": 3.1971500387467064,
    "MDD": -0.14795004503615028
  }
}