{
  "round": 9,
  "config": "Agri_F_5d_a1",
  "params": {
    "name": "Agri_F_5d_a1",
    "top_k": 3,
    "alpha": 1.0,
    "mom": [
      [
        5,
        1.0
      ]
    ]
  },
  "wf_sharpe": -0.1948151174911789,
  "median_sharpe": -0.23507115198551595,
  "full_cagr_pct": -5.079606150826866,
  "full_mdd_pct": -24.533499786990642,
  "n_windows": 27,
  "neg_windows": 17,
  "win_rate": 37.03703703703704,
  "elapsed_sec": 3.186472177505493
}