{
  "(21,8) 0.3/0.7 [iter14]": {
    "CAGR": 1.424028699940295,
    "Sharpe": 4.1571960249036035,
    "MDD": -0.1640856075871736
  },
  "(21,8) 0.5/0.5": {
    "CAGR": 1.2658735475634662,
    "Sharpe": 3.9828202661717946,
    "MDD": -0.1791250954083723
  },
  "(21,8) 0.2/0.8": {
    "CAGR": 1.2711219597356727,
    "Sharpe": 3.95718382512896,
    "MDD": -0.1640856075871736
  },
  "(21,8) 0.7/0.3 (long heavy)": {
    "CAGR": 1.2499512626742733,
    "Sharpe": 3.8785591143799247,
    "MDD": -0.17912509540837185
  },
  "(63,21,8) 3-comp": {
    "CAGR": 0.8756075158559278,
    "Sharpe": 3.072119015496169,
    "MDD": -0.17912509540837152
  },
  "(126,21,8) 3-comp long": {
    "CAGR": 0.6189222857781547,
    "Sharpe": 2.4611822206899583,
    "MDD": -0.2322294425406045
  },
  "(21,5)": {
    "CAGR": 1.3590060644362087,
    "Sharpe": 4.115144953953707,
    "MDD": -0.25916629567216687
  },
  "(21,13)": {
    "CAGR": 1.0194316682982847,
    "Sharpe": 3.404845234012505,
    "MDD": -0.18915998369415798
  },
  "(42,13,5) 3-comp short": {
    "CAGR": 1.0610317794930975,
    "Sharpe": 3.461547783404723,
    "MDD": -0.25916629567216676
  },
  "8d only": {
    "CAGR": 1.5180224616221119,
    "Sharpe": 4.458532407169851,
    "MDD": -0.19161132641363832
  },
  "21d only": {
    "CAGR": 0.8220363381428668,
    "Sharpe": 2.8756835071102507,
    "MDD": -0.17963409748558057
  },
  "(252,42,8) 3-comp very long": {
    "CAGR": 0.38180822775835854,
    "Sharpe": 1.8173180170794947,
    "MDD": -0.17912509540837152
  }
}