{
  "round": 10,
  "config": "Agri_F_top_k3",
  "params": {
    "name": "Agri_F_top_k3",
    "syms": [
      "ZC=F",
      "ZW=F",
      "ZS=F",
      "ZL=F",
      "ZM=F",
      "KC=F",
      "SB=F",
      "CT=F",
      "CC=F",
      "OJ=F"
    ],
    "top_k": 3,
    "alpha": 1.0,
    "mom": [
      [
        8,
        1.0
      ]
    ]
  },
  "wf_sharpe": -0.11280970746222267,
  "median_sharpe": -0.1580139235732522,
  "full_cagr_pct": -3.1039631341428287,
  "full_mdd_pct": -24.81602436115815,
  "n_windows": 27,
  "neg_windows": 15,
  "win_rate": 44.44444444444444,
  "elapsed_sec": 2.783355951309204
}