{
  "results": {
    "baseline (no stop)": {
      "Sharpe": 3.3515918804524794,
      "CAGR": 0.9921842011433395,
      "MDD": -0.6780758675080282,
      "mean_sharpe": 3.3515918804524794,
      "median_sharpe": 4.475899450835435,
      "std_sharpe": 3.319876126947606,
      "n_windows": 23,
      "neg_windows": 5,
      "window_sharpes": [
        -1.9885103463861586,
        -3.7771951731864495,
        -3.9371699441891965,
        -2.0868915803224124,
        -0.6165998161630918,
        1.6104118178066205,
        3.8120715041341766,
        4.337229077659707,
        4.1786322793294035,
        3.6066183181177354,
        3.857069779950959,
        5.001487199934689,
        6.365457788475219,
        6.312630396199621,
        5.835419279623118,
        5.17764840298168,
        4.6175564642394615,
        5.541316896969905,
        6.143246732636545,
        6.310591704541441,
        6.647910990808773,
        5.661782026409848,
        4.475899450835435
      ]
    },
    "DD-10% lock 63d (3°łżů)": {
      "Sharpe": 4.023904085889673,
      "CAGR": 1.359805373624253,
      "MDD": -0.15062476450569107,
      "mean_sharpe": 4.023904085889673,
      "median_sharpe": 4.475899450835435,
      "std_sharpe": 2.170008182985728,
      "n_windows": 23,
      "neg_windows": 2,
      "window_sharpes": [
        0.6152046767398495,
        -0.18488106761298112,
        -0.5821551678112695,
        0.6543111698393854,
        1.9134900447602081,
        2.251256026699583,
        3.8120715041341766,
        4.337229077659707,
        4.1786322793294035,
        3.6066183181177354,
        3.857069779950959,
        5.001487199934689,
        6.365457788475219,
        6.312630396199621,
        5.835419279623118,
        5.17764840298168,
        4.6175564642394615,
        5.541316896969905,
        6.143246732636545,
        6.310591704541441,
        6.647910990808773,
        5.661782026409848,
        4.475899450835435
      ]
    },
    "DD-15% lock 63d": {
      "Sharpe": 3.7172829023992917,
      "CAGR": 1.2373148273647399,
      "MDD": -0.2855495027848015,
      "mean_sharpe": 3.7172829023992917,
      "median_sharpe": 4.475899450835435,
      "std_sharpe": 2.5803349083451224,
      "n_windows": 23,
      "neg_windows": 3,
      "window_sharpes": [
        0.34166886886779474,
        0.09609613040776653,
        -1.04393384850243,
        0.6537450929951371,
        -0.6226478527945054,
        -1.2801757481968898,
        3.1800179362021934,
        4.439468465150819,
        4.1786322793294035,
        3.6066183181177354,
        3.857069779950959,
        5.001487199934689,
        6.365457788475219,
        6.312630396199621,
        5.835419279623118,
        5.17764840298168,
        4.6175564642394615,
        5.541316896969905,
        6.143246732636545,
        6.310591704541441,
        6.647910990808773,
        5.661782026409848,
        4.475899450835435
      ]
    },
    "DD-15% lock 126d (6°łżů)": {
      "Sharpe": 3.7080666035457788,
      "CAGR": 1.224229562114639,
      "MDD": -0.29162703705209236,
      "mean_sharpe": 3.7080666035457788,
      "median_sharpe": 4.475899450835435,
      "std_sharpe": 2.5955636705055496,
      "n_windows": 23,
      "neg_windows": 4,
      "window_sharpes": [
        0.5292686143711112,
        -0.5325196514167655,
        -0.8120784133397405,
        0.7814725646272583,
        -0.9555964342473727,
        -1.077768910848427,
        3.1800179362021934,
        4.439468465150819,
        4.1786322793294035,
        3.6066183181177354,
        3.857069779950959,
        5.001487199934689,
        6.365457788475219,
        6.312630396199621,
        5.835419279623118,
        5.17764840298168,
        4.6175564642394615,
        5.541316896969905,
        6.143246732636545,
        6.310591704541441,
        6.647910990808773,
        5.661782026409848,
        4.475899450835435
      ]
    },
    "DD-15% lock 252d (1łâ)": {
      "Sharpe": 3.691950035250155,
      "CAGR": 1.2124767984520588,
      "MDD": -0.2842389814118834,
      "mean_sharpe": 3.691950035250155,
      "median_sharpe": 4.475899450835435,
      "std_sharpe": 2.608909850609984,
      "n_windows": 23,
      "neg_windows": 4,
      "window_sharpes": [
        0.4880871745694882,
        -0.6181104454440899,
        -0.5821551678112695,
        0.5141142955793393,
        -1.0530486023520682,
        -1.077768910848427,
        3.0892733921501474,
        4.4211913638566,
        4.1786322793294035,
        3.6066183181177354,
        3.857069779950959,
        5.001487199934689,
        6.365457788475219,
        6.312630396199621,
        5.835419279623118,
        5.17764840298168,
        4.6175564642394615,
        5.541316896969905,
        6.143246732636545,
        6.310591704541441,
        6.647910990808773,
        5.661782026409848,
        4.475899450835435
      ]
    },
    "DD-20% lock 126d": {
      "Sharpe": 3.9056098539547146,
      "CAGR": 1.3144084400993874,
      "MDD": -0.24246371791317134,
      "mean_sharpe": 3.9056098539547146,
      "median_sharpe": 4.475899450835435,
      "std_sharpe": 2.359437500312384,
      "n_windows": 23,
      "neg_windows": 2,
      "window_sharpes": [
        0.07613601532056143,
        -1.033920883063065,
        -1.1598194564489048,
        1.3777370560121254,
        1.07591379848339,
        1.6104118178066205,
        3.8120715041341766,
        4.337229077659707,
        4.1786322793294035,
        3.6066183181177354,
        3.857069779950959,
        5.001487199934689,
        6.365457788475219,
        6.312630396199621,
        5.835419279623118,
        5.17764840298168,
        4.6175564642394615,
        5.541316896969905,
        6.143246732636545,
        6.310591704541441,
        6.647910990808773,
        5.661782026409848,
        4.475899450835435
      ]
    },
    "DD-25% lock 126d": {
      "Sharpe": 3.845238099895099,
      "CAGR": 1.2831318758607546,
      "MDD": -0.2945010093477849,
      "mean_sharpe": 3.845238099895099,
      "median_sharpe": 4.475899450835435,
      "std_sharpe": 2.4441208505988232,
      "n_windows": 23,
      "neg_windows": 3,
      "window_sharpes": [
        -0.23849463540738247,
        -0.3357279650744455,
        -1.755960174891786,
        0.6426630873637034,
        0.6350158749428703,
        1.6104118178066205,
        3.8120715041341766,
        4.337229077659707,
        4.1786322793294035,
        3.6066183181177354,
        3.857069779950959,
        5.001487199934689,
        6.365457788475219,
        6.312630396199621,
        5.835419279623118,
        5.17764840298168,
        4.6175564642394615,
        5.541316896969905,
        6.143246732636545,
        6.310591704541441,
        6.647910990808773,
        5.661782026409848,
        4.475899450835435
      ]
    },
    "DD-15% + lock 30d (şü¸Ą şą±Í)": {
      "Sharpe": 3.709525234480924,
      "CAGR": 1.2496302653686069,
      "MDD": -0.3104081923949339,
      "mean_sharpe": 3.709525234480924,
      "median_sharpe": 4.475899450835435,
      "std_sharpe": 2.6121369490444977,
      "n_windows": 23,
      "neg_windows": 4,
      "window_sharpes": [
        -0.21449934588799524,
        -0.6565499729370998,
        -1.3342532275724504,
        0.2113931399580058,
        -0.9144819243695997,
        0.43929157247738587,
        3.7176833626794745,
        4.337229077659707,
        4.1786322793294035,
        3.6066183181177354,
        3.857069779950959,
        5.001487199934689,
        6.365457788475219,
        6.312630396199621,
        5.835419279623118,
        5.17764840298168,
        4.6175564642394615,
        5.541316896969905,
        6.143246732636545,
        6.310591704541441,
        6.647910990808773,
        5.661782026409848,
        4.475899450835435
      ]
    }
  },
  "best": "DD-10% lock 63d (3°łżů)"
}