{
  "round": 14,
  "config": "Agri_F_composite",
  "params": {
    "name": "Agri_F_composite",
    "syms": [
      "ZC=F",
      "ZW=F",
      "ZS=F",
      "ZL=F",
      "ZM=F",
      "KC=F",
      "SB=F",
      "CT=F",
      "CC=F",
      "OJ=F"
    ],
    "top_k": 2,
    "alpha": 1.0,
    "mom": [
      [
        21,
        0.3
      ],
      [
        8,
        0.7
      ]
    ]
  },
  "wf_sharpe": -0.10081167639247476,
  "median_sharpe": -0.2999724039250428,
  "full_cagr_pct": -1.8363807951135458,
  "full_mdd_pct": -25.5782873737174,
  "n_windows": 27,
  "neg_windows": 16,
  "win_rate": 40.74074074074074,
  "elapsed_sec": 3.0554068088531494
}