{
  "round": 5,
  "config": "Agri_F_21d_a2",
  "params": {
    "name": "Agri_F_21d_a2",
    "top_k": 3,
    "alpha": 2.0,
    "mom": [
      [
        21,
        1.0
      ]
    ]
  },
  "wf_sharpe": -0.02834653762895725,
  "median_sharpe": -0.06647402188580145,
  "full_cagr_pct": -0.4490486927632653,
  "full_mdd_pct": -24.81602436115815,
  "n_windows": 27,
  "neg_windows": 15,
  "win_rate": 44.44444444444444,
  "elapsed_sec": 3.7041633129119873
}