{
  "round": 24,
  "config": "Energy_F_21d_a1",
  "params": {
    "name": "Energy_F_21d_a1",
    "top_k": 2,
    "alpha": 1.0,
    "mom": [
      [
        21,
        1.0
      ]
    ]
  },
  "wf_sharpe": -0.11408291178978791,
  "median_sharpe": -0.17341658059971166,
  "full_cagr_pct": -3.7771274746856487,
  "full_mdd_pct": -52.42982214175307,
  "n_windows": 27,
  "neg_windows": 14,
  "win_rate": 48.148148148148145,
  "elapsed_sec": 2.8717477321624756
}