{
  "α=2.0 lb=63 5% [iter16]": {
    "Sharpe": 4.004683792518102,
    "CAGR": 1.528807725749453,
    "MDD": -0.23587602393135665,
    "mean_sharpe": 4.004683792518102,
    "median_sharpe": 5.167250861340684,
    "std_sharpe": 2.8959997594148925,
    "n_windows": 23,
    "neg_windows": 5,
    "window_sharpes": [
      -0.23279221651311832,
      -1.0574700522287839,
      -0.7469175726041629,
      1.213660971258234,
      -0.10538008629695299,
      -1.077768910848427,
      1.765766012975538,
      3.811282544113017,
      5.167250861340684,
      4.456471308792933,
      4.213324295811041,
      5.264246353195913,
      6.863935454621872,
      6.419156331300401,
      5.866300470866621,
      5.697239488330617,
      5.07891661141824,
      5.635450457655566,
      5.793405004733637,
      7.52867932251184,
      8.35291396034605,
      6.616241009611638,
      5.5838156075239365
    ]
  },
  "α=1.0 lb=63 5%": {
    "Sharpe": 4.37741609765349,
    "CAGR": 1.7581809117144385,
    "MDD": -0.21046171042255124,
    "mean_sharpe": 4.37741609765349,
    "median_sharpe": 5.220161025940495,
    "std_sharpe": 2.557115437614278,
    "n_windows": 23,
    "neg_windows": 3,
    "window_sharpes": [
      -0.6896195661508993,
      -0.9305219705236846,
      -0.2284481766668158,
      0.5225931159525842,
      2.3687265244678013,
      2.6572306304258695,
      3.9579907231964557,
      4.822350574505681,
      5.283728225178711,
      4.425481412562988,
      4.096713858429459,
      5.220161025940495,
      6.845254339715194,
      6.412649946159135,
      5.9827387233763725,
      5.60285024423334,
      4.6675923108185655,
      5.279697106890866,
      5.76606832091136,
      7.411590704344347,
      8.432375819081722,
      6.947521398849935,
      5.825844954330791
    ]
  },
  "α=1.5 lb=63 5%": {
    "Sharpe": 4.054845473600819,
    "CAGR": 1.5460590154443907,
    "MDD": -0.25161733661636254,
    "mean_sharpe": 4.054845473600819,
    "median_sharpe": 5.20416578742879,
    "std_sharpe": 2.8915762258085134,
    "n_windows": 23,
    "neg_windows": 4,
    "window_sharpes": [
      -0.16810629807827654,
      -1.019805953585963,
      -0.8086478046653768,
      1.4962685592436948,
      0.08276527483630014,
      -1.077768910848427,
      1.6978001732521155,
      4.226735982625506,
      5.547996989291238,
      4.456354975235832,
      3.8019831977916967,
      5.029547715463584,
      6.890846499531818,
      6.394399667374829,
      5.779693635652444,
      5.758202109233506,
      5.20416578742879,
      5.6282307402655025,
      5.914957120264859,
      7.510152413987269,
      8.351532526802112,
      6.751319458512742,
      5.812822033203044
    ]
  },
  "α=2.5 lb=63 5%": {
    "Sharpe": 4.261602720611317,
    "CAGR": 1.7573554401445608,
    "MDD": -0.23516699446024614,
    "mean_sharpe": 4.261602720611317,
    "median_sharpe": 5.461506105959899,
    "std_sharpe": 2.893856233269757,
    "n_windows": 23,
    "neg_windows": 3,
    "window_sharpes": [
      0.03889011839215784,
      -0.445612462450077,
      -0.5821551678112695,
      1.6146641912327924,
      0.38205953123155034,
      -1.077768910848427,
      1.578670270933018,
      3.9280495195939737,
      5.517441306837837,
      4.706848985774343,
      4.259105039693686,
      5.461506105959899,
      6.8126458992073085,
      6.460262541081708,
      6.288803850526527,
      6.184609602871075,
      5.406388433346037,
      5.8526899700738495,
      6.3762455451198505,
      7.619830711566905,
      8.569363977694104,
      7.012239098212871,
      6.052084415820569
    ]
  },
  "α=3.0 lb=63 5%": {
    "Sharpe": 3.6117055061387004,
    "CAGR": 1.3027692000433921,
    "MDD": -0.259166295672167,
    "mean_sharpe": 3.6117055061387004,
    "median_sharpe": 4.0468539678982,
    "std_sharpe": 2.997985068346065,
    "n_windows": 23,
    "neg_windows": 4,
    "window_sharpes": [
      0.2915729186335071,
      -0.27874726498459995,
      -0.5821551678112695,
      1.542145898978759,
      0.3010336341601756,
      -1.077768910848427,
      1.6026992445532677,
      3.9443898943701443,
      5.652129181737737,
      5.017106207788477,
      4.612208699246383,
      5.6257241691715265,
      6.781682536904865,
      6.310127323691533,
      6.170653269949097,
      4.029699346579186,
      -0.7583377354985001,
      0.7484209734598971,
      4.0468539678982,
      7.86638079082003,
      8.722343399129802,
      6.8469518663054565,
      5.654112396954861
    ]
  },
  "α=2.0 lb=42 5%": {
    "Sharpe": 4.059851572170775,
    "CAGR": 1.548137823998256,
    "MDD": -0.2578311358311631,
    "mean_sharpe": 4.059851572170775,
    "median_sharpe": 5.280911446530374,
    "std_sharpe": 2.8146105487561783,
    "n_windows": 23,
    "neg_windows": 4,
    "window_sharpes": [
      -0.2857553083031843,
      -0.31816384363146183,
      -0.5821551678112695,
      1.5376643459782853,
      0.19447403864408797,
      -1.077768910848427,
      1.423089505166103,
      3.960272914943657,
      5.402662458572941,
      4.606091834497087,
      4.141316610442115,
      5.280911446530374,
      6.7087066608298205,
      6.481482602456176,
      6.128660318198161,
      5.768832717411987,
      4.859385548341348,
      5.3344518189087635,
      5.951264360880126,
      7.590634601653395,
      8.293874298810488,
      6.533251280680496,
      5.443402027576751
    ]
  },
  "α=2.0 lb=84 5%": {
    "Sharpe": 4.0767242675177515,
    "CAGR": 1.5775890945299915,
    "MDD": -0.24508051094703287,
    "mean_sharpe": 4.0767242675177515,
    "median_sharpe": 5.313631953496956,
    "std_sharpe": 2.939982577044217,
    "n_windows": 23,
    "neg_windows": 5,
    "window_sharpes": [
      -0.755290257142604,
      -0.420085516285793,
      -0.5821551678112695,
      1.1408516010684626,
      -0.22136843119360847,
      -1.077768910848427,
      1.5209999427765928,
      4.0265026503103245,
      5.540772548425191,
      4.682626537498577,
      4.352827773848388,
      5.574119338810539,
      7.144477411754996,
      7.062638608583318,
      6.351327043981461,
      5.590379531471906,
      4.898949337757404,
      5.313631953496956,
      5.664926835308444,
      7.3861209257255265,
      8.294765047558785,
      6.746492265495822,
      5.5289170823173075
    ]
  },
  "α=2.0 lb=126 5%": {
    "Sharpe": 4.549355085407956,
    "CAGR": 1.8808669004327907,
    "MDD": -0.20570281485369446,
    "mean_sharpe": 4.549355085407956,
    "median_sharpe": 5.44270888309794,
    "std_sharpe": 2.573035468305624,
    "n_windows": 23,
    "neg_windows": 3,
    "window_sharpes": [
      -0.0439988594404415,
      -0.9738231256534146,
      -0.20368901477396836,
      0.5225931159525842,
      2.308321901395656,
      2.7204065524289853,
      3.858818406644857,
      4.761580822237809,
      5.594923757681951,
      4.6097314294901075,
      4.322139531140733,
      5.44270888309794,
      6.869112614334089,
      6.674388748930391,
      6.065751837197132,
      5.930182088919903,
      5.274329194483177,
      5.787500552964462,
      6.390220733012841,
      7.5084736750121746,
      8.474190160178624,
      6.953693689375409,
      5.787610269771992
    ]
  },
  "α=2.0 lb=63 1%": {
    "Sharpe": 3.8663641946923537,
    "CAGR": 1.4141439636746078,
    "MDD": -0.2299981031146956,
    "mean_sharpe": 3.8663641946923537,
    "median_sharpe": 4.769494183988964,
    "std_sharpe": 2.7262791283993923,
    "n_windows": 23,
    "neg_windows": 5,