{
  "agri_only": {
    "CAGR": 1.1605191140967426,
    "Sharpe": 3.9402922407797707,
    "MDD": -0.14303127623237621
  },
  "pair_results": {
    "hedge_10": {
      "CAGR": 1.13328071285425,
      "Sharpe": 3.8731813219104096,
      "MDD": -0.14937097149010914
    },
    "hedge_20": {
      "CAGR": 1.1057445597822997,
      "Sharpe": 3.777850418379435,
      "MDD": -0.16226305614815428
    },
    "hedge_30": {
      "CAGR": 1.0779315445332718,
      "Sharpe": 3.657772605029527,
      "MDD": -0.17548675100717692
    },
    "hedge_40": {
      "CAGR": 1.0498624405863022,
      "Sharpe": 3.5177087535607736,
      "MDD": -0.1887637894033911
    },
    "hedge_50": {
      "CAGR": 1.021557885840238,
      "Sharpe": 3.363049447754296,
      "MDD": -0.20208467495469695
    },
    "hedge_70": {
      "CAGR": 0.9643241845301638,
      "Sharpe": 3.030965164102413,
      "MDD": -0.22882064125142676
    },
    "hedge_100": {
      "CAGR": 0.8772138423120255,
      "Sharpe": 2.5366710170209683,
      "MDD": -0.26902377161729196
    }
  }
}