{
  "round": 3,
  "config": "Agri_F_8d_a0",
  "params": {
    "name": "Agri_F_8d_a0",
    "top_k": 3,
    "alpha": 0.0,
    "mom": [
      [
        8,
        1.0
      ]
    ]
  },
  "wf_sharpe": -0.21935013057959174,
  "median_sharpe": -0.1580139235732522,
  "full_cagr_pct": -4.828034796121039,
  "full_mdd_pct": -24.81602436115815,
  "n_windows": 27,
  "neg_windows": 16,
  "win_rate": 40.74074074074074,
  "elapsed_sec": 3.067040205001831
}