{
  "lb=504(2y) high=0.4": {
    "CAGR": 1.1689352238222916,
    "Sharpe": 3.944633403392526,
    "MDD": -0.14303127623237621
  },
  "lb=756(3y) high=0.4": {
    "CAGR": 1.1598069902567185,
    "Sharpe": 3.9356456525856967,
    "MDD": -0.14303127623237621
  },
  "lb=1008(4y) high=0.4 [iter04]": {
    "CAGR": 1.1605191140967426,
    "Sharpe": 3.9402922407797707,
    "MDD": -0.14303127623237621
  },
  "lb=1260(5y) high=0.4": {
    "CAGR": 1.2402864358565204,
    "Sharpe": 4.145379481810809,
    "MDD": -0.2317436894200866
  },
  "lb=1008 high=0.2 (강방어)": {
    "CAGR": 1.156761381739241,
    "Sharpe": 3.9324108190048572,
    "MDD": -0.14303127623237621
  },
  "lb=1008 high=0.3": {
    "CAGR": 1.1586468027233567,
    "Sharpe": 3.936687887368588,
    "MDD": -0.14303127623237621
  },
  "lb=1008 high=0.5": {
    "CAGR": 1.162197601598376,
    "Sharpe": 3.9427535508692486,
    "MDD": -0.14303127623237621
  },
  "lb=1008 high=0.6": {
    "CAGR": 1.1636827976529949,
    "Sharpe": 3.944113319772375,
    "MDD": -0.14303127623237621
  },
  "lb=1008 high=0.8": {
    "CAGR": 1.1667235918011172,
    "Sharpe": 3.945329690586735,
    "MDD": -0.14303127623237621
  },
  "lb=1008 high=1.0 (HMM 무시)": {
    "CAGR": 1.1697537535867792,
    "Sharpe": 3.944000466036986,
    "MDD": -0.14303127623237621
  }
}