{
  "round": 16,
  "config": "Agri_ETF_comp_a1",
  "params": {
    "name": "Agri_ETF_comp_a1",
    "top_k": 2,
    "alpha": 1.0,
    "mom": [
      [
        21,
        0.3
      ],
      [
        8,
        0.7
      ]
    ]
  },
  "wf_sharpe": -0.25237433265685005,
  "median_sharpe": 0.0005046646450996596,
  "full_cagr_pct": -2.223015198513878,
  "full_mdd_pct": -19.32085751772017,
  "n_windows": 27,
  "neg_windows": 13,
  "win_rate": 51.85185185185185,
  "elapsed_sec": 3.556189775466919
}