{
  "round": 29,
  "config": "Energy_F_5d_a1",
  "params": {
    "name": "Energy_F_5d_a1",
    "top_k": 2,
    "alpha": 1.0,
    "mom": [
      [
        5,
        1.0
      ]
    ]
  },
  "wf_sharpe": 0.14485868188113604,
  "median_sharpe": 0.2175138870799476,
  "full_cagr_pct": 0.7598999881681001,
  "full_mdd_pct": -52.42982214175307,
  "n_windows": 27,
  "neg_windows": 13,
  "win_rate": 51.85185185185185,
  "elapsed_sec": 2.731830358505249
}