{
  "round": 27,
  "config": "Energy_F_8d",
  "params": {
    "name": "Energy_F_8d",
    "syms": [
      "CL=F",
      "BZ=F",
      "NG=F",
      "HO=F",
      "RB=F"
    ],
    "top_k": 2,
    "alpha": 1.0,
    "mom": [
      [
        8,
        1.0
      ]
    ]
  },
  "wf_sharpe": 0.04264345186635752,
  "median_sharpe": -0.09755480538179168,
  "full_cagr_pct": -0.844115537762613,
  "full_mdd_pct": -52.42982214175307,
  "n_windows": 27,
  "neg_windows": 14,
  "win_rate": 48.148148148148145,
  "elapsed_sec": 2.8329529762268066
}