{
  "results": {
    "Agri 50% + Cash 50%, k=2": {
      "CAGR": 0.4271784543741428,
      "Sharpe": 2.685745173563567,
      "MDD": -0.5029162449104924
    },
    "Agri 40% + Cash 60%, k=2": {
      "CAGR": 0.23900083324835752,
      "Sharpe": 1.8071039624159932,
      "MDD": -0.4714819298366969
    },
    "Agri 30% + Cash 70%, k=2": {
      "CAGR": 0.17001481601390567,
      "Sharpe": 1.4523528129152448,
      "MDD": -0.3711871205992364
    },
    "Agri 20% + Cash 80%, k=2": {
      "CAGR": 0.06278372272265109,
      "Sharpe": 0.6383640145290003,
      "MDD": -0.2288193562687053
    },
    "Agri 30% + Cash 70%, k=3": {
      "CAGR": 0.09772358742714315,
      "Sharpe": 0.9257537856196865,
      "MDD": -0.33330907534461807
    },
    "Agri 30% + Cash 70%, k=2 hmm0.3": {
      "CAGR": 0.17038717999264752,
      "Sharpe": 1.455082251530346,
      "MDD": -0.36892444626757903
    },
    "Agri 25% + Cash 75%, k=2 hmm0.3": {
      "CAGR": 0.14879795388585926,
      "Sharpe": 1.3156147541961616,
      "MDD": -0.29291246147754413
    },
    "Agri 15% + Cash 85%, k=1 (ąØšļžö)": {
      "CAGR": 0.059422842814906396,
      "Sharpe": 0.5800408925875575,
      "MDD": -0.24209858843945953
    }
  },
  "best": "Agri 50% + Cash 50%, k=2"
}