{
  "round": 2,
  "config": "Agri_F_8d_a2",
  "params": {
    "name": "Agri_F_8d_a2",
    "top_k": 3,
    "alpha": 2.0,
    "mom": [
      [
        8,
        1.0
      ]
    ]
  },
  "wf_sharpe": -0.12661703725826992,
  "median_sharpe": -0.06647402188580145,
  "full_cagr_pct": -3.950053021298494,
  "full_mdd_pct": -24.81602436115815,
  "n_windows": 27,
  "neg_windows": 14,
  "win_rate": 48.148148148148145,
  "elapsed_sec": 3.3160598278045654
}