{
  "results": {
    "baseline (no stop)": {
      "CAGR": 0.9754239659448933,
      "Sharpe": 3.042082483538146,
      "MDD": -0.8691705414420835
    },
    "DD-10% lock 63d (3개월)": {
      "CAGR": 1.1605191140967426,
      "Sharpe": 3.9402922407797707,
      "MDD": -0.14303127623237621
    },
    "DD-15% lock 63d": {
      "CAGR": 1.3170114920007445,
      "Sharpe": 4.102329077274286,
      "MDD": -0.19309591766242284
    },
    "DD-15% lock 126d (6개월)": {
      "CAGR": 1.195200498262119,
      "Sharpe": 3.9238523208128013,
      "MDD": -0.2816984930047486
    },
    "DD-15% lock 252d (1년)": {
      "CAGR": 1.193863242791954,
      "Sharpe": 3.918917721096907,
      "MDD": -0.2869341483980721
    },
    "DD-20% lock 126d": {
      "CAGR": 1.2909874538270123,
      "Sharpe": 4.006556871423733,
      "MDD": -0.24125593273625356
    },
    "DD-25% lock 126d": {
      "CAGR": 1.2639238994063002,
      "Sharpe": 3.8943746866741096,
      "MDD": -0.3278785063047007
    },
    "DD-15% + lock 30d (빠른 복귀)": {
      "CAGR": 1.2307041377868888,
      "Sharpe": 3.9295222474076965,
      "MDD": -0.2931805651615904
    }
  },
  "best": "DD-15% lock 63d"
}