{
  "round": 45,
  "config": "All_F_21d_a2",
  "params": {
    "name": "All_F_21d_a2",
    "top_k": 3,
    "alpha": 2.0,
    "mom": [
      [
        21,
        1.0
      ]
    ]
  },
  "wf_sharpe": -0.02729801674765259,
  "median_sharpe": -0.14843003893006287,
  "full_cagr_pct": -2.9181445614237522,
  "full_mdd_pct": -23.28269566742168,
  "n_windows": 27,
  "neg_windows": 14,
  "win_rate": 48.148148148148145,
  "elapsed_sec": 4.244075298309326
}