{
  "results": {
    "baseline equal k=3 hmm0.6": {
      "CAGR": 1.03083842277969,
      "Sharpe": 3.106625878176558,
      "MDD": -0.8684416091296174
    },
    "invvol k=3 cap=0.25 hmm0.4": {
      "CAGR": 0.954196338799113,
      "Sharpe": 3.0092549255441394,
      "MDD": -0.8713247144885203
    },
    "invvol k=3 cap=0.30 hmm0.4": {
      "CAGR": 0.9754239659448933,
      "Sharpe": 3.042082483538146,
      "MDD": -0.8691705414420835
    },
    "invvol k=2 cap=0.50 hmm0.3": {
      "CAGR": 1.391430411172386,
      "Sharpe": 3.5053397017501386,
      "MDD": -0.8450868761204278
    },
    "invvol k=4 cap=0.25 hmm0.3": {
      "CAGR": 0.768894281817176,
      "Sharpe": 2.633721561589,
      "MDD": -0.861002474226205
    },
    "invvol k=5 cap=0.20 hmm0.4": {
      "CAGR": 0.7168119495032306,
      "Sharpe": 2.5297999105240807,
      "MDD": -0.8463465806596171
    },
    "invvol k=3 cap=0.25 hmm0.5": {
      "CAGR": 0.9557107179049988,
      "Sharpe": 3.011958023920203,
      "MDD": -0.8712336855110008
    },
    "invvol k=3 cap=0.25 hmm0.2 (defensive)": {
      "CAGR": 0.950846886755091,
      "Sharpe": 3.002044950618658,
      "MDD": -0.871507754316107
    }
  },
  "cost_stress": {
    "50": {
      "CAGR": 1.03083842277969,
      "Sharpe": 3.106625878176558,
      "MDD": -0.8684416091296174
    },
    "100": {
      "CAGR": 0.3046910583120157,
      "Sharpe": 1.2073465938978167,
      "MDD": -0.9618874600214276
    },
    "150": {
      "CAGR": -0.16377854455920837,
      "Sharpe": -0.5598707884733263,
      "MDD": -0.9930704821576852
    }
  },
  "best": "invvol k=2 cap=0.50 hmm0.3"
}