{
  "round": 12,
  "config": "Agri_F_8d_a2",
  "params": {
    "name": "Agri_F_8d_a2",
    "syms": [
      "ZC=F",
      "ZW=F",
      "ZS=F",
      "ZL=F",
      "ZM=F",
      "KC=F",
      "SB=F",
      "CT=F",
      "CC=F",
      "OJ=F"
    ],
    "top_k": 2,
    "alpha": 2.0,
    "mom": [
      [
        8,
        1.0
      ]
    ]
  },
  "wf_sharpe": -0.24253716616599363,
  "median_sharpe": -0.2999724039250428,
  "full_cagr_pct": -3.629856577597501,
  "full_mdd_pct": -25.5782873737174,
  "n_windows": 27,
  "neg_windows": 19,
  "win_rate": 29.629629629629626,
  "elapsed_sec": 2.6320853233337402
}