{
  "round": 13,
  "strategy": "macd_12_26_9",
  "wf_sharpe": -0.09592844334532048,
  "full_cagr_pct": -1.9466237885776283,
  "full_mdd_pct": -38.796486223783354,
  "win_rate": 49.817295980511574,
  "n_days": 4105,
  "elapsed_sec": 0.006490230560302734
}