{
  "round": 13,
  "config": "Agri_ETF_8d_a0",
  "params": {
    "name": "Agri_ETF_8d_a0",
    "top_k": 2,
    "alpha": 0.0,
    "mom": [
      [
        8,
        1.0
      ]
    ]
  },
  "wf_sharpe": -0.2305892734895153,
  "median_sharpe": 0.0005046646450996596,
  "full_cagr_pct": -2.4720741346285435,
  "full_mdd_pct": -19.32085751772017,
  "n_windows": 27,
  "neg_windows": 13,
  "win_rate": 51.85185185185185,
  "elapsed_sec": 4.135077238082886
}