{
  "round": 28,
  "config": "Energy_F_63d_a1",
  "params": {
    "name": "Energy_F_63d_a1",
    "top_k": 2,
    "alpha": 1.0,
    "mom": [
      [
        63,
        1.0
      ]
    ]
  },
  "wf_sharpe": -0.11673541367626357,
  "median_sharpe": -0.10938449389845264,
  "full_cagr_pct": -3.9330579153530665,
  "full_mdd_pct": -28.511038422123626,
  "n_windows": 27,
  "neg_windows": 15,
  "win_rate": 44.44444444444444,
  "elapsed_sec": 2.949249029159546
}