{
  "round": 36,
  "config": "Metal_F_comp_a1",
  "params": {
    "name": "Metal_F_comp_a1",
    "top_k": 2,
    "alpha": 1.0,
    "mom": [
      [
        21,
        0.3
      ],
      [
        8,
        0.7
      ]
    ]
  },
  "wf_sharpe": 0.3074769159307915,
  "median_sharpe": 0.4845181182390219,
  "full_cagr_pct": 8.13505704330475,
  "full_mdd_pct": -19.55999779037113,
  "n_windows": 27,
  "neg_windows": 10,
  "win_rate": 62.96296296296296,
  "elapsed_sec": 2.805595636367798
}