{
  "round": 14,
  "strategy": "pairs_GC_SI",
  "wf_sharpe": -0.03247810482829202,
  "full_cagr_pct": -1.0300931629236176,
  "full_mdd_pct": -44.65077261333925,
  "win_rate": 47.259439707673565,
  "n_days": 4105,
  "elapsed_sec": 0.0030057430267333984
}